,City,Cloudiness,Country,Date,Humidity,Lat,Lng,Max Temp,Wind Speed
0,Bredasdorp,0,ZA,1563766404,80,-34.53,20.04,41.0,6.93
1,Coquimbo,0,CL,1563766404,87,-29.95,-71.34,50.0,5.82
2,Rikitea,32,PF,1563766405,76,-23.12,-134.97,68.15,19.42
3,Luderitz,0,NA,1563766405,65,-26.65,15.16,57.71,5.82
4,Marsh Harbour,100,BS,1563766254,73,26.54,-77.06,84.35,11.12
5,New Norfolk,75,AU,1563766405,51,-42.78,147.06,63.0,19.46
6,Torbay,90,CA,1563766406,93,47.66,-52.73,51.01,21.92
7,Nago,0,IT,1563766406,78,45.88,10.89,77.0,3.36
8,Albany,75,US,1563766251,47,42.65,-73.75,77.0,5.82
9,Atuona,48,PF,1563766406,78,-9.8,-139.03,80.03,12.41
10,Tabou,95,CI,1563766407,92,4.42,-7.36,74.09,5.06
11,Trairi,0,BR,1563766407,88,-3.28,-39.27,70.31,4.18
12,Airai,6,TL,1563766407,42,-8.93,125.41,81.83,4.41
13,San Patricio,9,PY,1563766407,65,-26.98,-56.83,72.11,12.08
14,Jamestown,0,AU,1563766408,42,-33.21,138.6,59.15,25.52
15,Kupang,37,ID,1563766408,61,-10.16,123.6,79.31,4.65
16,Saint George,0,GR,1563766408,68,39.45,22.34,75.99,3.36
17,Carnarvon,0,ZA,1563766408,36,-30.97,22.13,42.59,13.8
18,Matay,0,EG,1563766409,87,28.42,30.79,68.87,9.15
19,Ushuaia,75,AR,1563766409,74,-54.81,-68.31,33.8,9.17
20,Constitucion,90,MX,1563766409,59,23.99,-104.67,66.0,8.05
21,Khorinsk,32,RU,1563766409,47,52.16,109.78,75.17,1.86
22,Port Elizabeth,1,US,1563766410,79,39.31,-74.98,89.6,4.7
23,Verkhoyansk,10,RU,1563766410,39,67.55,133.39,53.39,9.06
24,Buala,100,SB,1563766410,73,-8.15,159.59,82.55,12.21
25,Klaksvik,100,FO,1563766411,93,62.23,-6.59,53.6,9.17
26,Guarapuava,93,BR,1563766180,80,-25.4,-51.46,59.87,8.34
27,Severo-Kurilsk,100,RU,1563766411,97,50.68,156.12,45.47,17.0
28,Khandyga,0,RU,1563766411,24,62.65,135.58,72.47,13.62
29,Le Port,34,FR,1563766411,69,42.87,1.37,70.0,1.01
30,Vaini,75,IN,1563766412,94,15.34,74.49,73.4,9.17
31,Port Lincoln,100,AU,1563766412,88,-34.72,135.86,56.63,31.59
32,Naze,85,NG,1563766412,98,5.43,7.07,72.29,4.23
33,Avarua,60,CK,1563766413,88,-21.21,-159.78,77.0,13.87
34,Lastoursville,100,GA,1563766413,93,-0.81,12.73,69.59,2.64
35,Ilhabela,100,BR,1563766413,80,-23.78,-45.36,71.21,13.51
36,Barrow,100,AR,1563766413,42,-38.31,-60.23,46.55,7.83
37,Aklavik,90,CA,1563766413,68,68.22,-135.01,64.4,3.36
38,Castro,20,CL,1563766414,100,-42.48,-73.76,33.8,4.7
39,Port Alfred,0,ZA,1563766414,37,-33.59,26.89,55.0,4.0
40,Punta Arenas,75,CL,1563766414,83,-53.16,-70.91,35.6,17.22
41,Qaanaaq,93,GL,1563766415,87,77.48,-69.36,38.63,5.55
42,Lagos,40,NG,1563766324,94,6.46,3.39,75.2,4.7
43,Hobart,75,AU,1563766241,51,-42.88,147.33,63.0,19.46
44,Kapaa,1,US,1563766415,69,22.08,-159.32,82.4,17.22
45,Kaitangata,73,NZ,1563766415,89,-46.28,169.85,54.0,1.01
46,Inuvik,90,CA,1563766416,68,68.36,-133.71,64.4,3.36
47,Bambous Virieux,75,MU,1563766416,88,-20.34,57.76,70.0,6.93
48,Port Huron,90,US,1563766416,73,42.98,-82.44,72.0,4.7
49,Bluff,26,AU,1563766416,52,-23.58,149.07,71.93,5.82
50,Goderich,22,CA,1563766417,85,43.74,-81.71,70.0,1.01
51,Excelsior Springs,90,US,1563766417,88,39.34,-94.23,73.4,16.11
52,Cidreira,56,BR,1563766417,83,-30.17,-50.22,63.11,7.18
53,Hilo,90,US,1563766201,69,19.71,-155.08,80.6,9.17
54,Ribeira Grande,40,PT,1563766418,86,38.52,-28.7,74.63,28.97
55,Mataura,65,NZ,1563766418,95,-46.19,168.86,51.01,5.01
56,Zhuhai,75,CN,1563766418,88,40.71,112.04,66.2,2.24
57,Nanortalik,93,GL,1563766418,94,60.14,-45.24,38.45,0.45
58,Lima,90,PE,1563766419,87,-12.06,-77.04,60.8,10.29
59,Chimbote,52,PE,1563766419,92,-9.08,-78.59,62.39,9.4
60,Caravelas,75,BR,1563766419,77,-17.73,-39.27,71.93,12.35
61,Tiksi,5,RU,1563766419,71,71.64,128.87,39.89,10.27
62,Busselton,100,AU,1563766420,43,-33.64,115.35,61.0,17.13
63,Saldanha,0,PT,1563766420,66,41.42,-6.55,68.69,4.72
64,Carlow,75,IE,1563766420,88,52.84,-6.93,66.99,19.46
65,Socorro,75,US,1563766421,19,31.65,-106.3,93.0,6.93
66,Kodiak,90,US,1563766421,94,39.95,-94.76,71.6,6.93
67,Lebu,75,ET,1563766421,87,8.96,38.73,57.2,6.93
68,Makakilo City,75,US,1563766421,58,21.35,-158.09,87.8,17.22
69,Kahului,40,US,1563766422,48,20.89,-156.47,87.8,20.8
70,Nikolskoye,0,RU,1563766423,76,59.7,30.79,61.0,1.63
71,Strezhevoy,75,RU,1563766423,63,60.73,77.6,66.2,6.71
72,Georgetown,0,GY,1563766351,94,6.8,-58.16,77.0,4.7
73,Vestmannaeyjar,50,IS,1563766424,90,63.44,-20.27,52.13,2.77
74,Comodoro Rivadavia,0,AR,1563766424,64,-45.87,-67.48,37.4,12.75
75,Puerto Ayora,32,EC,1563766425,94,-0.74,-90.35,70.0,4.0
76,Deputatskiy,100,RU,1563766425,92,69.3,139.9,34.85,7.14
77,Sehwan,0,PK,1563766426,62,26.43,67.86,89.6,6.93
78,Svetlogorsk,0,RU,1563766426,64,53.14,59.15,68.0,4.47
79,Hermanus,0,ZA,1563766426,69,-34.42,19.24,55.0,10.0
80,Pevek,100,RU,1563766426,95,69.7,170.27,33.59,21.54
81,College,1,US,1563766404,36,64.86,-147.8,77.0,10.29
82,Bethel,90,US,1563766427,77,60.79,-161.76,60.8,4.7
83,Karratha,0,AU,1563766427,12,-20.74,116.85,78.23,16.98
84,Camocim,0,BR,1563766427,86,-2.9,-40.84,72.29,3.94
85,Atar,0,MR,1563766428,19,20.52,-13.05,94.79,16.08
86,Gat,39,SN,1563766428,78,14.69,-16.54,80.6,6.93
87,Wewak,100,PG,1563766428,76,-3.55,143.63,82.73,5.53
88,Longyearbyen,75,NO,1563766428,81,78.22,15.63,44.6,18.34
89,East London,0,ZA,1563766428,49,-33.02,27.91,48.2,5.82
90,Butaritari,21,KI,1563766429,69,3.07,172.79,84.89,8.55
91,Cabo San Lucas,5,MX,1563766383,78,22.89,-109.91,82.99,4.7
92,Dikson,100,RU,1563766429,98,73.51,80.55,35.57,14.0
93,Praya,40,ID,1563766430,58,-8.71,116.27,84.2,12.75
94,Port Macquarie,76,AU,1563766208,30,-31.43,152.91,75.0,5.82
95,Taltal,100,CL,1563766430,87,-25.41,-70.49,50.69,1.52
96,Havoysund,0,NO,1563766430,72,71.0,24.66,64.4,11.41
97,Paranaiba,100,BR,1563766238,55,-19.68,-51.19,67.97,8.32
98,Port Blair,40,IN,1563766359,83,11.67,92.75,82.4,5.82
99,Imeni Zhelyabova,0,RU,1563766431,77,58.95,36.6,55.19,2.51
100,Udachnyy,0,RU,1563766431,22,66.42,112.4,77.0,4.47
101,Hudiksvall,100,SE,1563766432,97,61.73,17.1,56.99,2.24
102,Tres Arroyos,100,AR,1563766432,42,-38.38,-60.28,46.55,7.83
103,Sechura,10,PE,1563766432,89,-5.56,-80.82,63.83,6.98
104,Tromso,0,NO,1563766227,87,69.65,18.96,63.0,25.28
105,Dibrugarh,90,IN,1563766433,100,27.48,94.9,77.0,6.93
106,Rajbiraj,96,NP,1563766433,73,26.54,86.75,87.77,9.26
107,Yellowknife,90,CA,1563766434,64,62.45,-114.38,73.0,2.24
108,Staryy Krym,0,UA,1563766434,53,45.03,35.1,66.89,2.62
109,Mar del Plata,0,AR,1563766434,71,-46.43,-67.52,33.59,12.08
110,Cape Town,0,ZA,1563766329,66,-33.93,18.42,55.0,13.87
111,Leningradskiy,100,RU,1563766435,98,69.38,178.42,36.29,14.92
112,Adrar,0,DZ,1563766435,9,27.87,-0.29,91.4,16.11
113,Clifton,40,US,1563766437,62,40.86,-74.16,87.8,9.17
114,Thompson,75,CA,1563766437,63,55.74,-97.86,66.2,3.98
115,Vila Franca do Campo,20,PT,1563766437,94,37.72,-25.43,71.6,14.99
116,Tautira,20,PF,1563766437,65,-17.73,-149.15,78.8,20.8
117,Wattegama,100,LK,1563766438,95,7.35,80.68,72.65,5.3
118,Asha,40,RU,1563766438,97,54.99,57.29,60.41,4.34
119,Conde,0,BR,1563766438,94,-11.81,-37.61,66.17,4.05
120,Tilichiki,0,RU,1563766438,46,60.47,166.1,61.31,18.79
121,Taoudenni,20,ML,1563766439,26,22.68,-3.98,96.23,9.8
122,Broken Hill,0,AU,1563766439,27,-31.97,141.45,62.6,12.75
123,Klyuchi,0,RU,1563766439,49,52.25,79.17,71.75,8.03
124,Tuktoyaktuk,90,CA,1563766439,76,69.44,-133.03,53.6,5.82
125,Geraldton,20,CA,1563766440,62,49.72,-86.95,57.2,5.82
126,Morant Bay,20,JM,1563766440,62,17.88,-76.41,84.2,11.41
127,Thunder Bay,40,CA,1563766440,71,48.41,-89.26,62.01,6.93
128,Yamada,75,JP,1563766440,88,36.58,137.08,87.8,5.82
129,Tura,100,RU,1563766441,37,64.27,100.22,69.77,15.12
130,Fort Nelson,75,CA,1563766441,56,58.81,-122.69,69.8,13.87
131,Davila,75,PH,1563766381,74,18.47,120.58,87.8,3.36
132,Ikwiriri,0,TZ,1563766441,55,-7.96,38.99,69.77,6.58
133,Clyde River,90,CA,1563766442,100,70.47,-68.59,37.4,3.36
134,Hasaki,75,JP,1563766442,100,35.73,140.83,73.0,8.05
135,Mahebourg,75,MU,1563766377,88,-20.41,57.7,70.0,6.93
136,Erie,1,US,1563766192,73,42.13,-80.09,72.0,11.1
137,Nabire,97,ID,1563766443,85,-3.36,135.5,77.15,4.09
138,Upington,0,ZA,1563766443,34,-28.46,21.24,51.8,8.05
139,Namibe,32,AO,1563766443,83,-15.19,12.15,66.89,12.5
140,Itapora,6,BR,1563766443,51,-22.08,-54.79,68.87,9.64
141,Cherskiy,100,RU,1563766444,95,68.75,161.3,35.93,13.8
142,Agua Verde,75,MX,1563766444,88,22.89,-105.97,82.99,6.93
143,Plettenberg Bay,0,ZA,1563766160,42,-34.05,23.37,51.41,8.25
144,Male,0,UA,1563766444,81,50.74,33.7,62.75,4.45
145,Tuatapere,94,NZ,1563766444,95,-46.13,167.69,51.01,5.01
146,Bam,0,IR,1563766445,18,29.11,58.36,75.89,9.44
147,Sitka,2,US,1563766445,66,37.17,-99.65,79.0,3.0
148,Puerto Carreno,40,CO,1563766445,94,6.19,-67.49,77.0,3.44
149,Tasiilaq,0,GL,1563766445,87,65.61,-37.64,44.6,5.82
150,Ahipara,65,NZ,1563766446,92,-35.17,173.16,62.01,13.98
151,Guerrero Negro,0,MX,1563766446,88,27.97,-114.04,66.89,14.7
152,Chifeng,100,CN,1563766446,28,42.27,118.96,91.55,8.05
153,Hofn,100,IS,1563766447,97,64.25,-15.21,39.71,10.29
154,Store Heddinge,99,DK,1563766447,100,55.31,12.39,59.0,1.12
155,Vila,0,IT,1563766447,88,45.18,8.4,75.99,4.7
156,Kunming,100,CN,1563766202,89,25.04,102.71,75.0,3.91
157,Victoria,90,BN,1563766448,79,5.28,115.24,87.8,5.82
158,Hithadhoo,0,MV,1563766443,76,-0.6,73.08,83.09,13.96
159,Srednekolymsk,100,RU,1563766448,91,67.46,153.71,38.99,10.56
160,Sambava,59,MG,1563766449,97,-14.27,50.17,65.27,2.89
161,Laibin,98,CN,1563766449,79,23.74,109.23,84.53,11.68
162,Mitsamiouli,20,KM,1563766449,60,-11.38,43.28,75.2,12.75
163,Sao Gotardo,93,BR,1563766450,68,-19.31,-46.05,62.01,5.01
164,Bosaso,67,SO,1563766450,60,11.28,49.18,89.21,15.01
165,Ancud,20,CL,1563766451,100,-41.87,-73.83,33.8,4.7
166,Talnakh,0,RU,1563766451,38,69.49,88.39,75.2,8.95
167,Adeje,61,NG,1563766452,91,5.68,5.76,75.53,6.29
168,Bundaberg,75,AU,1563766452,46,-24.87,152.35,75.99,6.93
169,Beinamar,100,TD,1563766452,98,8.67,15.38,69.59,1.3
170,Hualmay,41,PE,1563766452,86,-11.1,-77.61,62.39,11.12
171,Nuuk,100,GL,1563766164,93,64.17,-51.74,44.01,1.12
172,Faanui,0,PF,1563766453,80,-16.48,-151.75,78.59,19.53
173,Languyan,75,FR,1563766453,100,48.3,-3.83,64.0,5.82
174,Bolitoc,100,PH,1563766453,79,15.74,119.88,80.57,6.42
175,Katsuura,75,JP,1563766454,94,33.93,134.5,82.99,16.11
176,Saint-Philippe,1,CA,1563766454,68,45.36,-73.48,75.2,5.82
177,Sandata,100,RU,1563766454,85,46.27,41.76,65.09,4.23
178,Kenai,1,US,1563766455,60,60.55,-151.26,72.0,6.93
179,Abonnema,99,NG,1563766455,90,4.71,6.79,75.35,7.0
180,Kamyzyak,40,RU,1563766455,44,46.12,48.08,78.8,6.71
181,Grand Gaube,75,MU,1563766455,88,-20.01,57.66,70.0,6.93
182,Clyde,37,NZ,1563766456,81,-45.19,169.32,51.01,1.36
183,Sitamau,56,IN,1563766456,58,24.01,75.35,87.59,7.47
184,Half Moon Bay,90,US,1563766456,93,37.46,-122.43,73.0,3.36
185,Basco,90,US,1563766456,78,40.33,-91.2,77.0,13.87
186,Alice Springs,0,AU,1563766457,27,-23.7,133.88,69.8,8.05
187,Barao de Melgaco,0,BR,1563766457,47,-16.19,-55.97,75.2,4.7
188,Bilecik,0,TR,1563766457,100,40.14,29.98,62.6,2.24
189,Rawson,0,AR,1563766458,68,-43.3,-65.11,38.99,10.18
190,Stromness,75,CA,1563766458,60,42.87,-79.55,73.99,8.05
191,Ruteng,1,ID,1563766458,39,-8.61,120.46,89.93,3.18
192,Raglan,75,AU,1563766458,46,-23.72,150.82,77.0,9.17
193,Port Hardy,40,CA,1563766459,72,50.7,-127.42,62.6,10.29
194,Laguna,40,BZ,1563766459,94,16.17,-88.94,80.6,3.47
195,Balkhash,0,KZ,1563766459,39,46.84,74.98,80.6,6.71
196,Narsaq,88,GL,1563766460,81,60.91,-46.05,44.6,4.7
197,Saint Anthony,1,US,1563766384,36,43.97,-111.68,82.4,4.7
198,Ulladulla,0,AU,1563766462,28,-35.36,150.48,69.8,4.7
199,Atlantis,0,ZA,1563766462,66,-33.57,18.5,55.0,13.87
200,Iberia,0,PE,1563766462,70,-11.41,-69.49,73.73,2.46
201,Salalah,90,OM,1563766463,94,17.01,54.1,78.8,3.36
202,Maragogi,38,BR,1563766463,96,-9.01,-35.22,68.87,4.65
203,Shimoda,75,JP,1563766463,83,34.7,138.93,82.4,10.29
204,Hotarele,0,RO,1563766463,88,44.18,26.37,69.01,2.71
205,Sarkand,0,KZ,1563766464,21,45.41,79.91,85.79,5.61
206,Swan River,58,CA,1563766464,79,52.11,-101.27,57.35,4.7
207,Kavieng,24,PG,1563766464,68,-2.57,150.8,83.81,5.55
208,Gamba,16,CN,1563766464,56,28.28,88.52,47.99,3.27
209,Alofi,100,NU,1563766465,83,-19.06,-169.92,75.2,16.11
210,Norman Wells,90,CA,1563766465,68,65.28,-126.83,66.2,2.24
211,Goundi,100,TD,1563766465,98,9.36,17.37,70.85,1.66
212,Tsiroanomandidy,0,MG,1563766466,83,-18.77,46.05,50.87,3.58
213,Tallahassee,40,US,1563766301,94,30.44,-84.28,80.01,4.7
214,Loandjili,75,CG,1563766466,94,-4.77,11.87,71.6,3.36
215,Baykit,23,RU,1563766466,45,61.68,96.39,66.35,9.89
216,Chauk,100,MM,1563766467,83,20.89,94.82,79.85,9.26
217,Takayama,75,JP,1563766467,88,36.14,137.25,79.0,5.82
218,Saskylakh,9,RU,1563766467,38,71.97,114.09,74.99,12.71
219,Carutapera,0,BR,1563766468,91,-1.2,-46.02,72.65,4.47
220,Leshukonskoye,78,RU,1563766468,82,64.9,45.76,52.13,6.85
221,Batagay,61,RU,1563766468,42,67.65,134.64,51.95,7.25
222,Provideniya,90,RU,1563766469,87,64.42,-173.23,51.8,15.66
223,Ramgarh,0,IN,1563766469,46,27.26,75.18,94.07,10.36
224,Abatskoye,11,RU,1563766470,81,56.29,70.46,67.07,11.1
225,Mamedkala,34,RU,1563766470,62,42.17,48.12,78.59,10.09
226,Kathmandu,75,NP,1563766471,94,27.71,85.32,71.6,3.36
227,Todos Santos,5,MX,1563766471,65,23.45,-110.23,82.4,13.87
228,Ponta do Sol,32,BR,1563766471,81,-20.63,-46.0,56.63,7.52
229,Lompoc,90,US,1563766472,93,34.64,-120.46,64.4,5.82
230,Anloga,75,GH,1563766472,94,5.79,0.9,77.0,9.17
231,Antalya,0,TR,1563766472,30,36.9,30.69,84.2,12.75
232,Doha,0,QA,1563766472,75,25.29,51.53,89.6,5.82
233,Yulara,0,AU,1563766473,21,-25.24,130.99,71.6,3.36
234,Camacha,40,PT,1563766473,82,33.08,-16.33,69.8,9.17
235,Taitung,75,TW,1563766473,78,22.76,121.15,82.4,9.17
236,Sherpur,100,BD,1563766473,75,25.02,90.01,86.15,8.81
237,Kasane,0,BW,1563766474,68,-17.8,25.16,51.59,9.42
238,At-Bashi,0,KG,1563766474,56,41.17,75.81,58.97,3.29
239,Bogorodskoye,100,RU,1563766474,86,52.37,140.44,63.83,4.14
240,Mayo,75,CA,1563766475,24,63.59,-135.9,80.6,10.29
241,Lorengau,98,PG,1563766475,74,-2.02,147.27,83.45,5.88
242,Bayir,0,TR,1563766475,36,37.27,28.22,77.0,2.24
243,Honiara,40,SB,1563766476,62,-9.43,159.96,89.6,12.75
244,Bagdarin,100,RU,1563766476,92,54.44,113.59,56.63,2.08
245,Luanda,75,AO,1563766476,100,-8.83,13.24,66.2,2.24
246,Arlit,41,NE,1563766476,27,18.74,7.39,93.53,1.07
247,Darhan,100,MN,1563766477,92,49.49,105.92,60.41,7.23
248,Garowe,0,SO,1563766477,52,8.41,48.48,74.27,27.2
249,Fare,3,PF,1563766478,80,-16.7,-151.02,77.87,19.46
250,Pontianak,98,ID,1563766478,85,-0.02,109.34,79.31,10.94
251,Great Yarmouth,100,GB,1563766478,82,52.61,1.73,63.0,12.75
252,Conakry,94,GN,1563766479,86,9.52,-13.7,78.59,13.0
253,Quatre Cocos,75,MU,1563766479,88,-20.21,57.76,70.0,6.93
254,Sola,24,TZ,1563766479,62,-3.17,33.8,65.63,11.07
255,Suamico,20,US,1563766480,64,44.63,-88.04,69.8,10.29
256,Ahuimanu,75,US,1563766480,94,21.44,-157.84,87.8,14.99
257,Namatanai,71,PG,1563766480,76,-3.66,152.44,81.29,5.73
258,Peto,46,MX,1563766481,71,20.13,-88.92,79.49,2.62
259,Viransehir,0,TR,1563766481,28,37.24,39.76,74.81,1.97
260,Chokurdakh,100,RU,1563766482,83,70.62,147.9,39.17,16.78
261,Oranjemund,0,ZA,1563766482,80,-28.55,16.43,56.09,7.94
262,Iqaluit,90,CA,1563766482,93,63.75,-68.52,39.2,6.93
263,Upernavik,97,GL,1563766482,94,72.79,-56.15,43.13,8.05
264,Chuy,100,UY,1563766483,89,-33.69,-53.46,65.27,13.94
265,Port Augusta,0,AU,1563766483,27,-32.49,137.76,68.0,24.16
266,Ratnagiri,89,IN,1563766483,84,16.98,73.3,81.65,21.05
267,Grand-Lahou,93,CI,1563766484,96,5.24,-5.0,73.01,4.03
268,Khatanga,0,RU,1563766484,28,71.98,102.47,80.39,5.86
269,Vilhena,98,BR,1563766484,56,-12.74,-60.15,72.29,2.86
270,Mpika,0,ZM,1563766484,85,-11.84,31.4,52.67,11.01
271,Akhtubinsk,100,RU,1563766485,56,48.29,46.17,73.37,10.2
272,Rogers,1,US,1563766434,69,36.33,-94.12,84.99,4.7
273,Odda,95,NO,1563766485,90,60.07,6.55,57.99,4.88
274,Guaruja,0,BR,1563766485,59,-23.99,-46.26,64.4,4.7
275,Khromtau,0,KZ,1563766486,58,50.26,58.44,69.77,9.17
276,Souillac,0,FR,1563766486,82,45.6,-0.6,66.99,2.24
277,Markova,75,RU,1563766486,100,52.21,104.21,64.99,4.47
278,Meulaboh,88,ID,1563766487,70,4.14,96.13,80.39,6.62
279,Yokadouma,100,CM,1563766487,99,3.52,15.05,66.53,0.89
280,Beloha,0,MG,1563766487,75,-25.17,45.06,53.03,5.57
281,Kota Belud,75,MY,1563766488,75,6.35,116.43,89.6,4.7
282,Shirokaya Rechka,0,RU,1563766488,77,56.8,60.49,66.2,11.18
283,Nueva Loja,27,EC,1563766488,98,0.08,-76.88,68.51,2.55
284,Urusha,100,RU,1563766489,97,54.05,122.9,58.79,6.78
285,Filingue,100,NE,1563766489,48,14.35,3.32,87.59,1.97
286,Puerto Penasco,99,MX,1563766200,78,31.32,-113.53,86.0,7.0
287,Ust-Kuyga,100,RU,1563766490,60,70.0,135.55,43.67,7.65
288,Gemlik,0,TR,1563766491,100,40.43,29.16,72.0,2.24
289,Los Llanos de Aridane,90,ES,1563766492,68,28.66,-17.92,71.6,14.99
290,Calama,0,CL,1563766492,20,-22.46,-68.93,46.99,13.87
291,Merritt Island,75,US,1563766492,94,28.54,-80.67,81.0,5.01
292,Guadalupe Victoria,90,MX,1563766492,100,21.68,-105.33,68.0,6.76
293,Batagay-Alyta,55,RU,1563766493,51,67.8,130.41,48.35,4.09
294,Karpinsk,100,RU,1563766493,94,59.76,60.01,61.67,1.39
295,Bandarbeyla,100,SO,1563766493,48,9.49,50.81,78.41,28.43
296,Niquero,0,CU,1563766493,71,20.04,-77.58,84.89,9.44
297,Yeppoon,40,AU,1563766494,41,-23.13,150.74,77.0,6.93
298,Araouane,78,ML,1563766494,34,18.9,-3.53,94.43,9.82
299,Esperance,90,AU,1563766494,93,-33.86,121.89,51.8,24.16
300,Rodbyhavn,100,DK,1563766494,91,54.65,11.35,60.01,14.45
301,Kiunga,100,PG,1563766495,76,-6.12,141.3,78.41,2.26
302,Westport,1,US,1563766324,69,41.14,-73.36,86.0,8.05
303,Nioro,69,GM,1563766495,71,13.79,-15.05,79.67,12.28
304,Pangnirtung,99,CA,1563766495,86,66.15,-65.72,44.21,3.67
305,George,94,MW,1563766496,97,-15.35,34.83,53.57,6.53
306,Kirakira,100,SB,1563766496,76,-10.46,161.92,82.55,12.57
307,Axim,86,GH,1563766496,90,4.87,-2.24,76.07,10.96
308,Santa Fe,100,AR,1563766496,56,-31.62,-60.7,63.0,13.0
309,Pontes e Lacerda,100,BR,1563766497,54,-15.23,-59.33,72.83,1.57
310,Teguise,90,ES,1563766497,78,29.06,-13.56,71.6,16.11
311,Candolim,75,IN,1563766497,94,15.52,73.76,78.8,6.93
312,Povenets,2,RU,1563766498,67,62.85,34.83,57.17,1.97
313,Ilulissat,40,GL,1563766498,87,69.22,-51.1,46.4,3.36
314,Tomatlan,100,MX,1563766499,76,19.93,-105.25,80.57,4.85
315,Tucurui,57,BR,1563766499,78,-3.77,-49.67,73.55,1.61
316,Muros,90,ES,1563766500,100,42.77,-9.06,68.0,4.7
317,Flin Flon,12,CA,1563766500,49,54.77,-101.88,67.61,3.24
318,Chiredzi,0,ZW,1563766500,95,-21.05,31.67,46.91,1.88
319,Mincivan,29,AZ,1563766501,59,39.03,46.72,71.93,1.3
320,Russell,1,US,1563766501,73,38.9,-98.86,73.0,5.82
321,Horsham,0,AU,1563766502,55,-36.71,142.2,57.71,21.43
322,Tazovskiy,54,RU,1563766282,84,67.47,78.7,57.53,9.01
323,Northam,75,AU,1563766502,72,-31.65,116.67,59.0,8.05
324,Bandar-e Lengeh,0,IR,1563766419,75,26.56,54.88,91.4,11.41
325,Ilanskiy,3,RU,1563766502,67,56.24,96.06,65.99,5.55
326,Pemba,75,MZ,1563766503,77,-12.97,40.52,69.8,13.87
327,Porto Novo,0,BR,1563766503,77,-23.68,-45.44,60.8,3.36
328,Benesov,0,CZ,1563766503,93,49.78,14.69,61.0,5.82
329,Griffith,0,AU,1563766503,42,-34.29,146.06,62.6,2.24
330,Lucea,20,JM,1563766504,79,18.44,-78.17,84.2,9.17
331,Pisco,90,PE,1563766482,87,-13.71,-76.2,61.0,9.17
332,Oistins,75,BB,1563766504,78,13.07,-59.53,82.4,14.99
333,Lambarene,100,GA,1563766504,91,-0.7,10.22,70.85,3.36
334,Innisfail,93,AU,1563766505,53,-17.52,146.03,75.0,3.0
335,Kastamonu,0,TR,1563766207,82,41.38,33.78,52.13,2.1
336,Biltine,83,TD,1563766505,51,14.53,20.93,79.85,4.83
337,Berlevag,0,NO,1563766506,63,70.86,29.09,66.2,11.41
338,Lavrentiya,58,RU,1563766506,80,65.58,-170.99,52.31,15.57
339,Barcelona,0,ES,1563766314,69,41.38,2.18,77.0,4.7
340,Marsa Matruh,0,EG,1563766506,73,31.35,27.25,75.2,5.82
341,Kursenai,40,LT,1563766506,93,55.98,22.92,60.8,8.05
342,Mbini,40,GQ,1563766507,100,1.58,9.62,75.2,4.7
343,Arraial do Cabo,5,BR,1563766507,79,-22.97,-42.02,69.41,25.37
344,Chapais,75,CA,1563766507,71,49.78,-74.86,53.6,4.7
345,Morondava,0,MG,1563766508,62,-20.3,44.28,63.83,19.62
346,Parintins,5,BR,1563766508,91,-2.63,-56.73,72.83,5.75
347,Lazaro Cardenas,20,MX,1563766508,25,28.39,-105.62,87.8,6.93
348,Nishihara,75,JP,1563766509,100,35.74,139.53,78.01,4.7
349,Casimiro Castillo,100,MX,1563766509,89,19.6,-104.44,71.57,2.19
350,Bikin,98,RU,1563766509,78,46.82,134.25,72.65,3.8
351,Palmer,0,AU,1563766510,39,-34.85,139.16,64.99,25.28
352,Dingle,9,PH,1563766510,70,11.0,122.67,85.61,4.36
353,Yerbogachen,100,RU,1563766510,39,61.28,108.01,70.85,12.71
354,Palma di Montechiaro,0,IT,1563766511,88,37.19,13.77,72.0,4.36
355,Flic en Flac,75,MU,1563766511,88,-20.27,57.36,70.0,6.93
356,Floro,100,NO,1563766511,71,61.6,5.03,57.2,13.87
357,Wanning,28,AT,1563766512,93,48.64,13.53,63.0,1.12
358,Posse,0,BR,1563766512,54,-14.08,-46.36,70.13,10.02
359,Lavumisa,0,ZA,1563766512,86,-27.31,31.88,37.4,1.12
360,Mount Gambier,40,AU,1563766512,48,-37.83,140.78,62.6,21.92
361,Bathsheba,75,BB,1563766513,78,13.22,-59.52,82.4,14.99
362,Warwick,75,US,1563766513,62,41.7,-71.42,84.2,4.7
363,Vostok,96,RU,1563766513,63,46.45,135.83,75.53,5.95
364,Kununurra,45,AU,1563766514,40,-15.77,128.74,86.0,5.82
365,Imbituba,40,BR,1563766514,88,-28.24,-48.67,66.2,11.41
366,Braila,0,IT,1563766514,73,45.95,10.93,73.4,5.82
367,Adwa,67,ET,1563766514,85,14.16,38.9,61.49,2.1
368,Mecca,0,SA,1563766389,47,21.43,39.83,81.65,7.54
369,Celestun,100,MX,1563766515,79,20.87,-90.4,82.73,19.51
370,Marawi,100,PH,1563766515,81,8.0,124.29,84.0,5.01
371,Vila Velha,40,BR,1563766516,74,-3.71,-38.6,78.8,8.05
372,La Ronge,20,CA,1563766516,64,55.1,-105.3,69.8,3.36
373,Noumea,0,NC,1563766516,49,-22.28,166.46,73.4,12.75
374,Nemuro,75,JP,1563766516,72,43.32,145.57,68.0,10.29
375,Mayumba,99,GA,1563766516,91,-3.44,10.65,71.21,5.08
376,Nome,1,US,1563766517,100,30.04,-94.42,82.99,6.04
377,Koygorodok,0,RU,1563766517,76,60.44,51.01,61.31,2.8
378,Antalaha,0,MG,1563766517,96,-14.9,50.28,62.39,3.78
379,Avera,1,US,1563766518,65,33.19,-82.53,86.0,5.82
380,Kedrovyy,75,RU,1563766518,100,56.17,91.82,53.6,6.71
381,Haines Junction,92,CA,1563766518,66,60.75,-137.51,59.15,8.46
382,Kavaratti,75,IN,1563766519,79,10.57,72.64,84.2,11.41
383,Daokou,25,CN,1563766519,47,35.61,105.12,69.41,7.7
384,Codrington,0,AU,1563766519,43,-28.95,153.24,73.4,6.93
385,Karnal,0,IN,1563766520,55,29.68,76.99,91.91,7.16
386,Oudtshoorn,0,ZA,1563766520,31,-33.59,22.2,60.8,10.29
387,Naberera,58,TZ,1563766520,96,-4.2,36.93,54.29,6.71
388,Petrivka,0,UA,1563766521,93,46.91,30.72,66.2,3.87
389,Farah,0,AF,1563766522,13,32.37,62.11,91.91,4.76
390,Say,40,NE,1563766522,83,13.1,2.36,80.6,1.12
391,Maturin,7,VE,1563766522,88,9.75,-63.18,70.67,3.69
392,Tiarei,20,PF,1563766522,65,-17.53,-149.33,78.8,20.8
393,Ust-Nera,41,RU,1563766523,47,64.57,143.24,45.65,10.29
394,Ponta Delgada,20,PT,1563766523,94,37.73,-25.67,71.6,14.99
395,Sao Joao da Barra,0,BR,1563766523,94,-21.64,-41.05,63.11,4.21
396,Mitu,0,IR,1563766523,28,36.2,46.09,71.39,0.63
397,Doka,100,SD,1563766524,85,13.52,35.76,71.03,12.19
398,Itacare,75,BR,1563766524,83,-14.28,-39.0,75.2,17.22
399,Kruisfontein,0,ZA,1563766524,30,-34.0,24.73,51.59,12.75
400,Xining,0,CN,1563766524,47,36.62,101.77,62.03,4.81
401,Luena,0,AO,1563766525,36,-11.78,19.91,47.81,2.28
402,Sao Filipe,3,CV,1563766525,77,14.9,-24.5,75.71,5.66
403,Kangaatsiaq,0,GL,1563766525,91,68.31,-53.46,43.67,8.39
404,Sinnamary,100,GF,1563766525,79,5.38,-52.96,80.75,13.58
405,Chechat,0,IN,1563766526,66,24.77,75.88,89.6,12.06
406,Shubarkuduk,0,KZ,1563766526,43,49.15,56.49,75.89,5.44
407,Puerto Cabezas,22,NI,1563766526,91,14.04,-83.39,76.07,4.09
408,Zhangye,0,CN,1563766527,34,38.94,100.46,70.67,4.65
409,Seoul,75,KR,1563766308,66,37.57,126.98,84.2,9.82
410,Gorontalo,35,ID,1563766527,56,0.54,123.06,83.99,10.16
411,Dosso,100,NE,1563766527,63,13.05,3.19,82.55,10.27
412,Mozarlandia,63,BR,1563766371,49,-14.74,-50.57,69.59,3.71
413,Dukat,14,AL,1563766528,53,40.25,19.57,77.0,4.59
414,Bonavista,100,CA,1563766528,80,48.65,-53.11,50.0,10.0
415,Khandagayty,91,MN,1563766529,76,50.73,92.07,59.15,1.77
416,Zhigansk,0,RU,1563766529,30,66.77,123.37,65.09,16.89
417,Panaba,81,MX,1563766529,81,21.28,-88.27,79.85,11.48
418,Laiwu,68,CN,1563766530,51,36.19,117.66,90.83,8.66
419,Pachino,0,IT,1563766530,68,36.72,15.09,68.0,5.82
420,Emba,0,CY,1563766530,73,34.81,32.42,75.2,6.93
421,Shache,43,CN,1563766531,14,38.42,77.24,88.85,14.52
422,Vetlanda,26,SE,1563766531,100,57.43,15.09,55.99,8.05
423,Boa Vista,75,BR,1563766450,78,2.82,-60.67,80.6,5.82
424,Sidrolandia,0,BR,1563766532,49,-20.93,-54.96,71.6,12.75
425,Khorixas,0,NA,1563766532,24,-20.37,14.96,57.17,6.26
426,Tezu,100,IN,1563766532,82,27.93,96.16,77.51,0.78
427,Santa Lucia,0,IT,1563766532,82,41.98,12.66,75.0,4.7
428,Mwinilunga,0,ZM,1563766533,43,-11.73,24.43,49.79,5.3
429,Toledo,0,ES,1563766412,28,39.86,-4.02,82.99,18.19
430,Mubi,98,NG,1563766533,92,10.27,13.26,69.41,4.32
431,Biak,0,ID,1563766533,66,-0.91,122.88,72.65,5.64
432,Nizwa,0,OM,1563766534,54,22.93,57.53,81.65,3.62
433,High Prairie,67,CA,1563766534,78,55.43,-116.48,67.25,9.08
434,San Jose,1,HN,1563766534,83,14.25,-87.96,77.0,6.93
435,Pueblo Nuevo,0,AR,1563766534,43,-32.93,-68.73,50.0,4.7
436,San Fernando,40,TT,1563766535,100,10.28,-61.46,79.0,4.7
437,Stepnyak,100,KZ,1563766535,67,52.83,70.79,72.11,2.28
438,Thinadhoo,88,MV,1563766535,78,0.53,72.93,82.91,15.12
439,Pallasovka,100,RU,1563766535,56,50.04,46.89,73.37,4.27
440,Hambantota,90,LK,1563766536,100,6.12,81.12,77.0,5.82
441,Nivala,71,FI,1563766536,77,63.93,24.96,61.0,4.68
442,Labuhan,0,ID,1563766536,43,-2.54,115.51,87.95,2.84
443,Leatherhead,75,GB,1563766537,93,51.3,-0.33,64.4,8.05
444,Valdivia,67,CL,1563766446,100,-39.81,-73.25,35.6,2.24
445,Saint-Joseph,0,FR,1563766537,88,43.56,6.97,73.99,3.36
446,Sikasso,63,ML,1563766537,96,11.32,-5.68,69.77,3.42
447,Papar,75,MY,1563766537,75,5.73,115.93,89.6,4.7
448,Grindavik,0,IS,1563766538,93,63.84,-22.43,55.4,5.82
449,Broome,99,GB,1563766538,82,52.47,1.45,63.0,12.75
450,Burnie,84,AU,1563766426,70,-41.05,145.91,54.29,11.74
451,Dunedin,34,NZ,1563766415,90,-45.87,170.5,50.0,7.0
452,Padang,12,ID,1563766539,78,-0.92,100.36,80.75,6.35
453,Kayes,100,ML,1563766539,63,14.44,-11.44,84.89,14.58
454,Vardo,1,US,1563766539,100,39.62,-77.74,77.0,4.7
455,Venice,1,US,1563766467,88,27.1,-82.45,77.0,10.42
456,Omsukchan,100,RU,1563766540,91,62.53,155.8,38.99,5.95
457,Altay,8,CN,1563766540,45,47.83,88.13,64.19,6.42
458,Ibia,74,NG,1563766543,95,5.18,6.32,73.91,3.71
459,Hamilton,75,CA,1563766543,60,43.26,-79.87,75.2,8.05
460,Kukshi,37,IN,1563766543,75,22.21,74.76,83.45,5.82
461,Lagoa,0,PT,1563766544,57,37.14,-8.45,75.2,5.82
462,Port-Cartier,40,CA,1563766544,67,50.03,-66.88,60.8,6.93
463,Divnogorsk,75,RU,1563766544,100,55.96,92.38,53.6,6.71
464,Bilibino,100,RU,1563766545,56,68.06,166.44,45.83,16.31
465,Derzhavinsk,0,KZ,1563766545,64,51.1,66.31,69.23,18.84
466,Linjiang,57,CN,1563766545,60,41.81,126.91,80.57,6.02
467,Kasumkent,4,RU,1563766546,49,41.68,48.15,74.45,4.97
468,Mwense,0,ZM,1563766547,56,-10.39,28.7,55.19,3.78
469,Atasu,0,KZ,1563766547,63,48.68,71.64,71.93,21.0
470,La Union,100,GT,1563766547,1,14.97,-89.29,78.01,4.16
471,Vanimo,99,PG,1563766548,71,-2.67,141.3,82.91,4.5
472,Hailar,32,CN,1563766548,62,49.2,119.7,70.49,12.8
473,Xichang,98,CN,1563766548,88,27.88,102.25,67.97,2.75
474,Namie,75,JP,1563766549,94,37.52,140.86,75.0,3.36
475,Buraydah,0,SA,1563766549,31,26.33,43.97,78.8,4.7
476,Puerto Escondido,75,MX,1563766549,74,15.86,-97.07,82.4,1.72
477,Erzin,0,TR,1563766549,61,36.95,36.2,80.6,14.99
478,Beaupre,5,CA,1563766550,93,47.04,-70.9,69.01,2.24
479,Alzamay,0,RU,1563766550,50,55.55,98.67,72.83,2.42
480,Biskupiec,5,PL,1563766550,97,53.87,20.96,55.55,8.01
481,San Carlos,100,NI,1563766551,1,11.12,-84.78,72.0,21.0
482,Naujoji Akmene,40,LT,1563766551,93,56.32,22.9,60.8,8.05
483,Avesta,100,SE,1563766551,100,60.15,16.18,60.01,2.24
484,Lufilufi,40,WS,1563766551,66,-13.87,-171.6,86.0,3.36
485,Eureka,1,US,1563766321,77,40.8,-124.16,61.0,6.93
486,Mandal,100,MN,1563766552,81,48.82,106.5,65.27,3.13
487,Pearl Lagoon,93,NI,1563766552,96,12.34,-83.67,73.73,2.62
488,Lasa,0,CY,1563766553,64,34.92,32.53,75.2,4.7
489,Bereznik,48,RU,1563766553,79,62.86,42.71,54.11,5.61
490,Amahai,100,ID,1563766553,95,-3.31,129.0,81.0,1.01
491,North Bend,20,US,1563766554,82,43.41,-124.22,63.0,11.41
492,Port-Gentil,100,GA,1563766493,84,-0.72,8.78,75.89,15.75
493,Abnub,0,EG,1563766555,50,27.27,31.15,77.0,6.93
494,Ayan,20,IR,1563766555,49,38.23,44.7,69.8,2.24
495,Oxbow,1,CA,1563766558,68,49.23,-102.17,68.0,3.36
496,Ixtapa,90,MX,1563766558,100,20.71,-105.21,75.99,4.7
497,San Quintin,100,PH,1563766558,72,17.54,120.52,85.25,5.95
498,San Borja,7,BO,1563766558,72,-14.86,-66.75,73.19,1.39
499,Margate,75,AU,1563766559,51,-43.03,147.26,63.0,19.46
500,Sulangan,100,PH,1563766559,68,11.14,123.72,83.81,3.04
501,Manisa,0,TR,1563766559,76,38.62,27.43,75.2,5.82
502,Otterup,100,DK,1563766559,100,55.52,10.4,59.0,3.36
503,Feldbach,75,AT,1563766560,100,46.95,15.89,64.99,2.24
504,Pingdingshan,76,CN,1563766560,46,33.74,113.3,95.15,8.57
505,Faya,0,SA,1563766560,22,18.39,42.45,68.0,7.54
506,Rio Grande,4,BR,1563766561,83,-32.03,-52.1,64.0,1.01
507,Kaohsiung,75,TW,1563766561,70,22.62,120.31,84.2,14.99
508,Talcahuano,20,CL,1563766561,81,-36.72,-73.12,44.6,4.7
509,Mackay,20,CA,1563766561,64,53.65,-115.58,71.6,10.29
510,Paamiut,18,GL,1563766562,93,61.99,-49.67,41.33,16.49
511,Trowbridge,100,GB,1563766562,88,51.32,-2.2,64.99,12.75
512,Coihaique,40,CL,1563766217,86,-45.58,-72.07,33.8,1.12
